{
    "1": 4.9,
    "2": 4.9,
    "3": 4.9,
    "4": 4.9,
    "5": 4.9,
    "6": 4.9,
    "7": 4.9,
    "8": 4.9,
    "9": 4.9,
    "10": 4.9,
    "11": 4.9,
    "12": 14.7,
    "13": 4.9,
    "14": 4.9,
    "15": 7.2,
    "16": 4.9,
    "17": 4.9,
    "18": 4.9,
    "SVM": [
        4.7,
        0.4,
        1.0,
        0.4,
        1.6,
        1.2,
        1.3,
        1.7,
        1.6,
        0.4,
        23.6,
        2.1,
        2.0,
        1.8,
        53.4,
        0.9,
        1.0,
        0.1
    ],
    "Module_ID": "BARC0111",
    "Validation": {
        "ColorRed": 160,
        "ColorBlue": 0,
        "ColorGreen": 255,
        "Similarity": 0.6843464228323495,
        "StringCount": [
            [
                "1",
                15.384615384615385
            ],
            [
                "2",
                7.6923076923076925
            ],
            [
                "3",
                0.0
            ],
            [
                "4",
                0.0
            ],
            [
                "5",
                0.0
            ],
            [
                "6",
                7.6923076923076925
            ],
            [
                "7",
                0.0
            ],
            [
                "8",
                7.6923076923076925
            ],
            [
                "9",
                7.6923076923076925
            ],
            [
                "10",
                7.6923076923076925
            ],
            [
                "11",
                15.384615384615385
            ],
            [
                "12",
                7.6923076923076925
            ],
            [
                "13",
                0.0
            ],
            [
                "14",
                0.0
            ],
            [
                "15",
                7.6923076923076925
            ],
            [
                "16",
                0.0
            ],
            [
                "17",
                0.0
            ],
            [
                "18",
                15.384615384615385
            ]
        ],
        "SDG_Keyword_Counts": [
            2,
            1,
            0,
            0,
            0,
            1,
            0,
            1,
            1,
            1,
            2,
            1,
            0,
            0,
            1,
            0,
            0,
            2
        ]
    },
    "ModelResult": "",
    "StringResult": "",
    "SVM_Prediction": "15"
}